{
	"title": {
		"home": "Revd Joseph G.O. Imudje",
		"books": "My Books",
		"buy": "Get a book",
		"error": {
			"error404": "Page Not Found",
			"error500": "Server Error"
		}
	},
	"profile": {
		"fieldname": "image",
		"originalname": "screencapture-education-hostreloaded-virtual-assistance-2021-10-02-22_43_12 (1).jpg",
		"encoding": "7bit",
		"mimetype": "image/jpeg",
		"destination": "assets",
		"filename": "image-screencapture-education-hostreloaded-virtual-assistance-2021-10-02-22_43_12 (1).jpg-1634773233646.jpg",
		"path": "assets/img/profile.jpg",
		"size": 1
	},
	"aboutMe": {
		"names": {
			"title": "Revd",
			"firstName": "Joseph Omohwo",
			"lastName": "Imudje",
			"middleName": "G.O."
		},
		"phoneNo": "08021286282",
		"email": "daddyimudje@gmail.com",
		"facebook": "www.facebook.com/imudje",
		"whatsapp": "090290298762",
		"topic": "A Little About Me",
		"aboutTitle": "Revd. Joseph Gentle Omohwo Imudje Ph.D (JP)",
		"body": [
			"I am a Priest in the Church of Nigeria-Anglican Communion, Diocese of Warri. I is presently serving as a Vicar at St. Luke's Anglican Church, Ugbolokposo, Effurun.",
			"I was baptized with the Holy Spirit on the 11th of September 1998. And I am an anointed charismatic, evangelistic, motivational, prophetic, inspirational and seasoned revival preacher and teacher of the Gospel of our Lord Jesus Christ.",
			"I was called in such a time as this to proclaim the message of salvation/deliverance to the captives. My messages and ministrations in the Holy Spirit have blessed and transformed many lives and are often characterized by signs and wonders. I am blessed with a godly wife-Mrs. Uviemuamren Pauline Imudje and biological and spiritual children."
		]
	},
	"believes": {
		"topic": "Believes",
		"title": "My Believes as a Christian",
		"cross": "I believe that Jesus died for us on the cross. John 5: 24. Very truly I tell you, whoever hears my word and believes him who sent me has eternal life and will not be judged but has crossed over from death to life.",
		"bell": "Every time is a good time to worship God. When you are sad or happy, worship The Lord. Psalm 34: 1 & 2 - I will bless the Lord at all times: his praise shall continually be in my mouth. My soul shall make her boast in the Lord: the humble shall hear thereof, and be glad.",
		"bible": "The Bible is The Word of the Lord.",
		"church": "The church is the place where the Christian faith is nurtured and where the Holy Spirit is manifest on earth. It is where Christians are received into the faith and where they are brought together into one body through the Eucharist."
	},
	"achievements": {
		"topic": "Achievements",
		"title": "I Thank God for giving me the Grace to become a Ph.D. holder of Crowther Graduate Theological Seminary. And I have used that as a great way to share The Word of God through my books.",
		"achievements": [
			{
				"title": "I am a Ph.D. holder of Crowther Graduate Theological Seminary",
				"body": "Crowther Graduate Theological Seminary is a learning and research center for sound and orthodox Theology for Anglicans in particular and all Christians."
			},
			{
				"title": "I am the author of serval inspirational books",
				"body": "Over time, I have written serval inspirational books that will help us to live a godly life."
			}
		]
	},
	"book": {
		"topic": "Get Our Books",
		"title": "You can get your own copy of my books here. And once you buy a book, it is yours and, it will be added to your account."
	},
	"carousel": [
		{
			"title": "Young believers",
			"body": "You are not too young to start believing in Christ."
		},
		{
			"title": "Worshiping together",
			"body": "The church is a place where we Christians can unite."
		},
		{
			"title": "Dinning with Christ",
			"body": "Let us worship and praise Our Lord together."
		}
	]
}